TQFQ Quadrant,Ct,%,sor,sod,Not Assessed
replace,14,0.23333333333333334,4,8,2
keep,20,0.3333333333333333,16,4,""
Not Assessed,17,0.2833333333333333,1,1,15
refactor,5,0.08333333333333333,4,1,""
?,1,0.016666666666666666,1,"",""
enhance,2,0.03333333333333333,2,"",""
enhance/replace,1,0.016666666666666666,"",1,""
